,EmployeeNumber,TermsOfEmployments,Loyalty,Engagement,Fulfillment,motivation
0,1,31,38,8,26,53
1,2,30,86,8,32,53
2,4,60,22,6,30,38
3,5,32,70,9,35,42
4,7,24,22,6,29,52
5,8,32,86,85,38,43
6,10,4,22,9,20,48
7,11,42,27,8,30,71
8,12,33,86,5,32,55
9,13,24,81,6,26,46
10,14,23,27,86,19,55
11,15,28,86,5,36,46
12,16,24,27,92,31,75
13,18,23,27,90,36,31
14,19,27,22,3,34,69
15,20,21,86,9,36,31
16,21,29,44,0,30,58
17,22,41,27,5,37,52
18,23,16,81,3,54,54
19,24,24,22,4,31,63
20,26,29,27,5,29,60
21,27,26,22,0,30,19
22,28,21,86,5,27,46
23,30,39,27,6,34,52
24,31,24,22,3,32,37
25,32,18,81,93,11,79
26,33,20,44,100,27,65
27,35,28,70,6,36,57
28,36,27,81,10,24,57
29,38,38,22,79,28,52
30,39,26,22,10,35,67
31,40,31,22,11,32,43
32,41,33,44,78,28,52
33,42,37,22,86,26,35
34,45,10,22,9,31,48
35,46,38,27,6,18,33
36,47,30,27,8,32,47
37,49,50,27,7,37,64
38,51,23,22,86,21,56
39,52,26,22,93,34,73
40,53,41,27,5,34,31
41,54,39,27,8,28,41
42,55,12,27,78,30,56
43,56,36,86,5,30,40
44,57,23,86,86,36,53
45,58,3,86,8,2,38
46,60,26,86,2,31,40
47,61,30,22,12,31,60
48,62,31,81,9,36,38
49,63,35,27,100,36,16
50,64,50,22,88,38,39
51,65,25,27,78,14,48
52,68,30,22,86,28,34
53,70,26,22,79,30,44
54,72,29,22,6,30,46
55,73,29,86,9,56,28
56,74,31,86,100,33,59
57,75,26,22,3,34,74
58,76,27,81,9,44,51
59,77,26,86,9,21,43
60,78,25,86,8,41,59
61,79,41,44,85,43,46
62,80,21,38,86,16,52
63,81,4,81,86,2,36
64,83,14,86,78,14,50
65,84,39,22,86,37,65
66,85,25,70,8,22,52
67,86,19,22,82,18,41
68,88,54,22,7,31,40
69,90,26,27,92,30,56
70,91,13,22,6,24,43
71,94,23,27,3,29,47
72,95,19,27,2,31,80
73,96,23,44,79,25,32
74,97,30,22,7,37,26
75,98,23,86,8,47,64
76,100,37,86,85,20,44
77,101,24,22,9,21,42
78,102,18,22,80,20,54
79,103,36,22,7,37,67
80,104,26,70,8,37,40
81,105,31,27,8,22,47
82,106,47,22,9,58,52
83,107,29,81,6,53,44
84,110,26,27,86,30,35
85,112,48,22,79,59,48
86,113,14,22,10,26,65
87,116,44,22,79,30,45
88,117,18,86,2,59,29
89,118,25,86,8,30,40
90,119,25,44,8,24,48
91,120,31,70,5,42,56
92,121,19,86,5,36,32
93,124,29,81,10,23,57
94,125,28,86,9,36,44
95,126,28,22,6,19,36
96,128,32,27,85,17,49
97,129,28,27,8,20,42
98,131,70,86,92,23,51
99,132,16,22,9,24,46
100,133,45,22,7,25,54
101,134,33,27,85,35,49
102,137,32,27,8,28,44
103,138,27,86,3,28,44
104,139,32,22,6,26,56
105,140,27,22,6,69,47
106,141,31,38,9,24,29
107,142,26,27,9,30,60
108,143,37,27,8,34,43
109,144,39,27,8,34,42
110,145,29,81,3,14,37
111,147,29,86,79,36,56
112,148,54,22,79,47,49
113,150,21,27,85,27,51
114,151,33,22,86,31,45
115,152,26,22,79,33,48
116,153,27,81,9,39,43
117,154,28,86,92,34,32
118,155,22,22,6,31,67
119,158,21,86,8,60,54
120,159,20,86,8,35,64
121,160,29,86,100,34,46
122,161,25,22,86,21,43
123,162,11,81,7,10,60
124,163,27,81,87,41,49
125,164,29,27,11,20,51
126,165,72,86,6,51,56
127,167,55,27,2,27,51
128,169,23,27,5,40,50
129,170,29,86,78,13,49
130,171,26,22,3,27,48
131,174,20,22,87,30,79
132,175,29,22,6,34,38
133,176,29,81,9,38,48
134,177,23,86,6,28,50
135,178,31,22,86,28,71
136,179,20,22,9,26,29
137,182,36,81,3,40,69
138,183,20,22,9,28,50
139,184,25,86,2,43,61
140,190,25,22,86,29,43
141,192,29,64,93,47,78
142,193,31,22,87,33,64
143,194,22,27,8,23,40
144,195,47,86,5,35,47
145,197,34,22,0,28,93
146,198,18,27,2,27,44
147,199,43,81,6,23,27
148,200,23,22,9,29,70
149,201,18,27,79,34,46
150,202,49,86,8,18,40
151,204,37,86,85,33,44
152,205,18,81,17,32,50
153,206,34,81,6,22,50
154,207,32,86,92,37,76
155,208,27,86,9,35,57
156,211,21,22,81,28,54
157,214,17,22,7,14,46
158,215,28,81,86,39,49
159,216,42,22,6,26,55
160,217,29,27,6,34,47
161,218,56,22,6,34,54
162,221,20,27,82,31,74
163,223,27,22,7,46,51
164,224,19,27,8,32,58
165,226,24,22,9,26,35
166,227,23,81,9,32,28
167,228,26,64,81,38,60
168,230,29,38,3,31,71
169,231,27,22,79,31,49
170,233,30,27,2,15,40
171,235,22,27,4,26,35
172,238,43,64,9,31,44
173,239,24,86,78,36,46
174,240,29,22,9,34,41
175,241,29,22,79,23,42
176,242,22,27,85,31,36
177,243,40,27,79,34,68
178,244,3,86,9,5,47
179,245,29,27,3,32,76
180,246,25,22,6,32,64
181,247,42,22,6,30,47
182,248,27,27,86,25,40
183,249,33,22,9,25,36
184,250,45,27,8,29,44
185,252,26,86,8,32,65
186,253,43,86,8,18,39
187,254,4,81,95,2,72
188,256,39,86,86,31,49
189,258,33,64,87,22,51
190,259,30,86,6,12,51
191,260,47,70,78,24,55
192,261,29,22,87,15,50
193,262,48,22,86,29,42
194,264,19,81,5,39,79
195,267,25,86,8,35,41
196,269,26,22,6,30,36
197,270,32,22,79,30,46
198,271,43,22,88,26,53
199,273,31,81,6,39,33
200,274,31,22,6,34,43
201,275,31,86,8,44,69
202,277,26,27,82,21,56
203,281,25,38,6,36,50
204,282,31,22,0,28,32
205,283,22,44,6,37,45
206,284,39,27,79,11,40
207,286,28,44,2,34,71
208,287,30,22,8,29,47
209,288,46,22,5,21,53
210,291,31,86,8,53,61
211,292,31,86,82,32,59
212,293,48,86,8,26,50
213,296,22,81,86,20,54
214,297,32,22,3,35,54
215,298,21,22,80,32,56
216,299,24,22,6,28,45
217,300,26,44,5,21,50
218,302,37,81,86,35,35
219,303,52,38,79,18,43
220,304,39,81,5,34,33
221,305,28,22,3,29,56
222,306,23,86,9,34,64
223,307,35,86,100,31,35
224,308,22,27,5,29,57
225,309,9,22,6,46,79
226,311,26,81,79,32,57
227,312,38,70,6,62,49
228,314,23,86,8,49,45
229,315,36,27,8,45,57
230,316,24,22,86,31,30
231,319,7,86,8,80,48
232,321,13,22,6,14,47
233,323,85,38,87,49,29
234,325,27,22,88,31,63
235,327,26,81,86,42,50
236,328,28,81,3,34,39
237,329,22,86,2,24,55
238,330,27,22,9,26,35
239,331,31,27,5,36,41
240,332,12,22,7,31,47
241,333,29,27,85,35,45
242,334,26,22,7,24,42
243,335,28,86,79,31,69
244,336,30,44,92,53,33
245,337,19,22,86,25,45
246,338,21,27,8,33,52
247,339,40,81,6,33,37
248,340,24,22,11,12,30
249,341,30,22,9,31,50
250,342,26,22,86,11,44
251,343,28,86,5,12,62
252,346,26,86,12,50,87
253,347,27,22,12,17,43
254,349,42,22,86,31,32
255,350,25,27,6,29,63
256,351,27,86,5,30,77
257,352,30,86,92,30,52
258,353,30,27,8,42,36
259,355,31,27,2,29,83
260,359,23,27,86,42,49
261,361,34,81,9,26,57
262,362,32,22,97,23,40
263,363,32,81,6,27,35
264,364,25,22,80,26,62
265,366,28,22,3,11,36
266,367,24,44,85,37,64
267,369,20,44,86,16,32
268,372,18,86,86,46,43
269,373,48,86,2,44,73
270,374,82,86,5,17,45
271,376,19,86,6,37,49
272,377,49,27,82,29,77
273,378,26,22,10,25,38
274,379,32,27,6,32,57
275,380,27,22,79,19,45
276,381,28,64,8,32,48
277,382,22,44,8,30,50
278,384,18,70,8,17,49
279,385,35,38,10,25,60
280,386,33,22,7,12,45
281,387,19,86,8,0,47
282,388,29,86,79,33,41
283,389,28,81,93,48,41
284,390,19,27,11,15,44
285,391,70,86,4,54,79
286,392,26,22,79,21,53
287,393,30,22,88,30,49
288,394,22,22,3,30,56
289,395,27,27,6,27,23
290,396,24,22,0,10,36
291,397,32,38,10,29,72
292,399,25,27,78,34,49
293,401,34,70,85,20,47
294,403,33,27,78,35,45
295,404,16,38,6,23,41
296,405,23,27,92,33,58
297,406,32,86,5,36,55
298,407,25,22,79,33,58
299,408,33,22,6,31,43
300,410,23,70,6,18,22
301,411,51,27,92,42,8
302,412,23,44,5,30,54
303,416,30,81,9,41,55
304,417,15,86,5,33,48
305,419,29,81,3,35,46
306,420,34,86,79,34,58
307,421,22,64,79,31,50
308,422,51,22,79,35,67
309,423,25,27,5,43,53
310,424,31,22,87,35,60
311,425,24,86,82,19,44
312,426,21,27,2,39,54
313,428,28,81,6,29,60
314,429,20,86,9,25,67
315,430,23,86,2,31,42
316,431,33,38,6,29,55
317,433,30,38,9,27,46
318,434,27,27,78,31,42
319,436,28,86,6,35,48
320,437,31,27,5,35,53
321,438,43,81,9,44,52
322,439,32,81,6,35,47
323,440,25,22,88,31,31
324,441,32,86,6,36,37
325,442,30,86,86,35,38
326,444,28,70,12,27,61
327,445,43,22,9,32,60
328,446,29,64,10,36,69
329,447,52,22,79,12,49
330,448,27,70,92,35,62
331,449,22,27,92,37,51
332,450,43,22,9,18,45
333,451,15,22,3,26,50
334,452,33,81,93,50,46
335,453,41,22,7,22,37
336,454,18,86,6,34,44
337,455,36,27,5,32,52
338,456,25,70,5,33,53
339,458,35,86,9,35,61
340,460,31,22,86,29,41
341,461,19,86,5,44,49
342,462,29,86,2,41,44
343,463,41,86,9,37,43
344,464,25,86,5,19,48
345,465,27,27,8,39,30
346,466,34,22,3,30,12
347,467,31,22,86,5,27
348,468,22,22,9,29,44
349,469,39,27,78,25,43
350,470,25,27,5,27,36
351,471,28,44,79,25,27
352,473,18,22,79,20,60
353,474,30,81,9,29,47
354,475,42,22,6,34,45
355,476,17,86,6,28,53
356,477,43,22,7,35,51
357,478,23,27,6,39,73
358,479,39,22,79,37,36
359,481,40,81,86,27,47
360,482,62,22,9,29,47
361,483,38,81,9,31,54
362,484,35,27,79,30,48
363,485,26,27,8,24,51
364,486,26,22,6,24,45
365,487,22,22,79,24,50
366,488,32,86,5,28,51
367,491,27,22,86,23,50
368,492,32,22,9,33,51
369,493,27,27,5,14,43
370,494,36,27,8,28,43
371,495,40,22,3,34,67
372,496,27,22,6,31,59
373,497,32,27,8,12,48
374,498,25,86,81,46,50
375,499,20,22,6,27,60
376,500,30,81,87,24,67
377,501,33,22,9,31,56
378,502,25,22,8,35,70
379,505,23,22,6,53,27
380,507,31,27,6,30,58
381,508,30,27,2,29,51
382,510,23,27,0,22,22
383,511,44,27,9,34,49
384,513,41,70,9,38,41
385,514,32,22,6,31,64
386,515,54,86,86,21,67
387,516,39,22,5,24,66
388,517,31,22,9,27,54
389,518,30,22,79,29,45
390,520,18,86,86,32,35
391,521,27,22,6,28,61
392,522,42,22,7,36,31
393,523,29,22,2,30,64
394,524,31,86,9,25,51
395,525,49,22,3,29,49
396,526,32,22,7,22,34
397,527,27,27,79,35,44
398,529,32,81,87,35,45
399,530,56,27,9,29,41
400,531,40,86,93,25,54
401,532,35,81,6,33,54
402,533,22,27,85,30,52
403,534,23,86,9,35,44
404,536,23,44,6,28,81
405,538,19,22,3,26,52
406,543,34,22,86,34,29
407,544,24,22,9,32,50
408,546,42,22,87,46,64
409,547,26,22,9,17,42
410,548,23,22,10,44,25
411,549,17,81,0,30,55
412,550,30,81,3,30,53
413,551,39,70,5,41,67
414,554,17,27,8,32,62
415,555,44,27,5,36,34
416,556,58,27,9,33,79
417,558,1,86,85,0,36
418,560,25,27,82,35,41
419,562,19,22,9,28,36
420,564,19,44,81,33,50
421,565,27,22,8,36,56
422,566,23,27,78,35,40
423,567,32,86,88,29,45
424,568,26,22,9,70,42
425,569,31,86,5,13,63
426,571,32,86,2,40,47
427,573,19,81,3,12,82
428,574,21,22,86,22,51
429,575,38,22,3,34,24
430,577,34,27,2,27,35
431,578,25,22,3,9,56
432,579,24,38,80,25,48
433,580,30,22,9,31,38
434,581,27,86,79,34,51
435,582,24,81,86,33,48
436,584,25,22,3,31,50
437,585,35,27,0,14,21
438,586,28,64,3,29,34
439,587,21,22,79,13,40
440,590,20,22,0,19,62
441,591,20,22,93,26,80
442,592,18,44,83,38,43
443,593,43,22,6,30,43
444,595,36,81,93,30,31
445,597,28,81,79,17,36
446,599,31,38,86,46,51
447,600,35,81,86,30,28
448,601,28,81,6,17,43
449,602,22,44,6,24,38
450,604,23,81,7,46,60
451,605,37,86,9,27,68
452,606,32,86,2,32,26
453,608,26,70,5,31,43
454,611,38,22,3,35,55
455,612,25,38,9,28,35
456,613,17,22,3,37,39
457,614,13,27,6,27,36
458,615,16,22,10,12,27
459,616,32,81,0,33,50
460,618,27,22,96,31,55
461,620,28,27,78,19,50
462,621,27,86,8,34,35
463,622,26,27,8,32,52
464,623,19,64,3,37,34
465,624,20,22,3,24,71
466,625,10,81,6,2,44
467,626,21,86,78,31,53
468,630,33,81,10,20,61
469,631,33,22,86,31,33
470,632,44,27,85,36,49
471,634,18,22,97,27,68
472,635,25,64,6,27,21
473,638,53,86,79,3,59
474,639,21,70,81,57,67
475,641,19,27,8,26,31
476,643,51,27,8,16,50
477,644,26,86,78,26,40
478,645,23,44,12,23,49
479,647,14,27,82,27,52
480,648,36,27,5,30,49
481,649,21,70,4,51,60
482,650,29,22,3,39,57
483,652,33,22,9,34,44
484,653,38,81,9,44,54
485,655,22,27,4,27,64
486,656,37,22,7,10,35
487,657,22,27,0,25,35
488,659,32,27,82,41,52
489,661,25,22,79,31,42
490,662,23,22,9,23,37
491,663,28,81,9,30,37
492,664,33,22,6,30,50
493,665,27,22,6,32,50
494,666,22,44,79,26,71
495,667,24,27,85,24,46
496,669,20,27,6,32,52
497,671,75,22,9,37,41
498,675,20,27,2,18,29
499,677,25,27,4,29,46
500,679,25,44,8,33,24
501,680,41,27,89,29,47
502,682,42,81,86,26,55
503,683,38,86,8,33,59
504,684,30,22,9,27,58
505,686,16,27,8,39,61
506,689,25,86,79,34,38
507,690,24,27,7,26,47
508,691,22,86,78,42,52
509,692,28,81,86,41,49
510,698,23,64,79,30,52
511,699,36,22,7,33,46
512,700,34,27,85,29,49
513,701,61,27,87,37,57
514,702,31,86,79,32,68
515,704,24,27,8,30,43
516,705,27,22,10,35,41
517,707,29,27,2,30,59
518,709,28,86,5,42,44
519,710,22,86,8,35,52
520,712,36,22,87,20,44
521,714,43,70,9,58,45
522,715,32,22,87,30,18
523,716,87,86,78,9,57
524,717,31,86,8,31,28
525,720,30,22,87,30,48
526,721,55,86,3,18,47
527,722,28,86,78,41,48
528,723,29,22,79,21,52
529,724,31,86,2,33,51
530,725,15,86,78,30,52
531,727,25,81,3,34,47
532,728,31,81,9,17,35
533,729,32,81,6,26,55
534,730,36,22,87,11,34
535,731,12,81,79,31,46
536,732,15,22,6,23,33
537,733,39,86,8,30,62
538,734,36,86,12,26,46
539,738,38,22,88,25,34
540,741,35,81,3,31,58
541,742,23,81,86,31,63
542,743,50,22,79,31,49
543,744,29,22,79,28,51
544,746,43,38,11,27,67
545,747,27,81,6,31,30
546,749,30,27,8,28,43
547,752,21,22,93,28,31
548,754,27,22,9,29,55
549,757,25,22,87,42,42
550,758,18,27,8,21,47
551,760,33,38,6,16,46
552,762,14,64,5,47,45
553,763,45,27,2,28,59
554,764,41,81,3,31,33
555,766,38,27,8,34,29
556,769,60,22,3,50,73
557,771,40,22,80,33,59
558,772,27,86,8,35,40
559,773,24,22,86,30,45
560,775,24,22,80,27,51
561,776,28,86,11,19,52
562,780,40,86,8,31,43
563,781,25,70,8,47,45
564,783,34,70,6,32,46
565,784,23,27,2,34,19
566,785,37,22,83,34,33
567,786,33,70,6,53,40
568,787,45,22,3,45,54
569,789,25,86,5,37,48
570,791,45,27,5,40,34
571,792,17,22,81,22,33
572,793,26,64,9,31,55
573,796,36,22,6,28,32
574,797,33,22,79,28,36
575,799,39,22,91,38,67
576,800,29,27,5,29,50
577,802,28,27,5,26,46
578,803,38,81,6,31,32
579,804,34,70,82,25,59
580,805,26,27,9,36,56
581,806,46,22,79,30,58
582,807,32,86,8,28,56
583,808,30,22,88,36,63
584,809,19,86,5,53,49
585,811,26,27,8,29,33
586,812,25,27,78,29,59
587,813,40,22,87,31,40
588,815,25,22,86,7,26
589,816,18,27,6,31,48
590,817,28,86,6,30,36
591,819,30,22,6,31,27
592,820,8,70,8,39,52
593,823,27,86,5,34,43
594,824,21,86,82,29,76
595,825,73,81,6,10,67
596,826,39,22,87,29,23
597,827,46,22,86,28,54
598,828,25,22,3,28,67
599,829,23,22,10,30,54
600,830,31,86,79,32,64
601,832,25,22,87,26,60
602,833,26,22,6,39,31
603,834,28,27,9,26,53
604,836,40,86,8,31,45
605,837,30,22,11,26,73
606,838,25,27,8,24,38
607,840,27,86,87,34,16
608,842,44,64,3,45,30
609,843,34,22,6,28,55
610,844,24,86,8,51,53
611,845,18,81,9,24,33
612,846,32,86,5,20,53
613,847,27,27,0,34,65
614,848,23,86,81,31,33
615,850,64,27,5,30,42
616,851,23,81,9,16,49
617,852,35,22,6,29,49
618,854,20,22,86,28,40
619,855,30,86,6,35,49
620,856,24,70,8,25,22
621,857,32,86,78,56,47
622,859,28,22,81,28,50
623,861,27,22,93,37,48
624,862,22,22,88,39,28
625,864,35,22,79,33,45
626,865,25,22,86,32,32
627,867,35,64,9,47,40
628,868,27,22,87,26,42
629,869,23,27,12,40,42
630,872,51,22,83,32,47
631,874,24,22,9,41,35
632,875,22,22,6,35,43
633,878,26,27,6,19,21
634,879,20,27,93,32,53
635,880,21,86,100,18,38
636,881,33,44,8,35,46
637,882,38,27,5,35,50
638,885,30,27,86,16,41
639,887,33,22,6,25,53
640,888,19,27,85,35,28
641,889,29,70,11,34,54
642,893,24,27,5,16,27
643,894,36,22,6,29,64
644,895,29,22,10,40,56
645,896,13,22,6,12,27
646,897,10,22,97,68,73
647,899,30,81,9,34,37
648,900,26,22,3,25,33
649,901,36,81,6,40,55
650,902,31,22,3,19,26
651,903,32,86,89,42,51
652,904,21,44,8,24,53
653,905,20,86,6,19,33
654,909,36,22,85,33,80
655,910,42,22,9,32,48
656,911,23,27,5,34,55
657,912,21,22,86,30,61
658,913,24,70,8,35,44
659,916,24,27,9,31,57
660,918,38,22,6,41,42
661,920,25,22,9,29,54
662,922,30,27,78,23,55
663,923,36,27,8,26,56
664,924,24,86,5,45,29
665,925,36,27,8,36,46
666,926,32,27,5,16,52
667,927,23,64,93,37,85
668,930,26,22,7,29,56
669,932,37,22,93,32,53
670,933,43,27,9,47,59
671,934,31,27,3,26,36
672,936,29,22,6,27,49
673,939,24,22,9,36,60
674,940,30,22,86,30,40
675,941,28,64,93,32,46
676,942,25,86,3,37,62
677,944,12,81,81,6,46
678,945,50,22,9,25,53
679,947,28,70,6,37,56
680,949,25,22,9,30,41
681,950,35,86,0,22,16
682,951,39,22,6,40,43
683,952,18,27,78,31,56
684,954,22,22,3,22,30
685,956,20,86,8,21,52
686,957,47,81,79,25,59
687,958,30,81,9,28,53
688,959,41,27,6,41,81
689,960,22,27,8,25,51
690,961,29,86,92,48,41
691,964,26,22,86,28,62
692,966,37,70,6,35,40
693,967,19,86,9,41,48
694,969,24,27,2,44,75
695,970,20,38,6,30,42
696,972,28,86,8,33,53
697,974,36,27,3,35,40
698,975,28,27,8,30,62
699,976,40,81,9,38,48
700,977,44,22,10,28,43
701,981,20,64,86,7,56
702,982,19,38,6,32,41
703,983,25,27,6,31,39
704,984,42,81,3,37,19
705,985,26,86,92,29,84
706,986,18,22,93,28,52
707,987,33,86,11,10,66
708,990,29,81,0,43,79
709,991,28,27,85,30,38
710,992,40,70,8,28,46
711,994,49,22,6,31,41
712,995,24,22,9,34,55
713,996,60,22,7,32,85
714,997,34,22,93,56,52
715,998,25,70,6,43,46
716,999,7,81,7,3,33
717,1001,22,22,6,32,32
718,1002,33,86,8,30,47
719,1003,23,44,8,34,35
720,1004,21,22,87,32,60
721,1005,40,81,83,25,40
722,1006,22,27,0,33,46
723,1007,23,81,93,34,60
724,1009,37,27,8,28,65
725,1010,26,27,8,32,39
726,1011,28,27,78,24,51
727,1012,23,27,78,36,54
728,1013,22,81,6,17,36
729,1014,24,70,8,41,45
730,1015,30,86,2,37,78
731,1016,38,27,86,44,28
732,1017,33,27,86,31,56
733,1018,38,70,3,36,63
734,1019,20,27,82,28,72
735,1022,38,22,9,23,54
736,1024,26,81,0,23,71
737,1025,31,22,6,29,51
738,1026,30,86,81,38,60
739,1027,24,27,8,32,65
740,1028,25,27,93,36,43
741,1029,38,22,6,28,48
742,1030,35,22,80,32,45
743,1032,10,22,9,70,49
744,1033,27,22,6,26,40
745,1034,28,81,9,30,24
746,1035,7,86,8,0,26
747,1036,35,22,86,32,47
748,1037,24,22,0,30,51
749,1038,35,86,6,32,30
750,1039,53,81,6,65,33
751,1040,56,86,2,21,31
752,1042,35,86,7,24,43
753,1043,56,86,12,24,75
754,1044,30,27,92,36,46
755,1045,57,22,86,35,55
756,1046,35,81,5,36,80
757,1047,29,44,5,42,48
758,1048,6,22,3,61,27
759,1049,33,27,9,24,61
760,1050,26,81,9,43,56
761,1052,32,22,8,16,42
762,1053,28,22,2,31,56
763,1055,44,27,9,36,60
764,1056,48,27,89,30,59
765,1060,25,22,87,30,39
766,1061,42,38,9,34,53
767,1062,42,22,11,29,35
768,1066,30,86,8,41,33
769,1068,17,27,11,24,65
770,1069,73,22,6,30,27
771,1070,41,22,6,30,39
772,1071,28,22,3,19,53
773,1073,29,86,6,46,57
774,1074,28,64,100,35,76
775,1076,17,22,3,28,42
776,1077,42,27,8,39,32
777,1079,51,27,5,26,66
778,1080,35,81,6,21,50
779,1081,29,38,88,20,58
780,1082,32,86,8,32,45
781,1083,25,27,0,15,14
782,1084,13,27,92,21,40
783,1085,24,86,8,34,48
784,1088,23,86,2,13,38
785,1092,20,64,12,39,63
786,1094,36,27,79,35,43
787,1096,49,22,9,14,34
788,1097,34,81,7,20,37
789,1098,44,81,83,14,70
790,1099,38,22,9,34,43
791,1100,33,86,5,35,50
792,1101,17,86,9,30,64
793,1102,34,27,86,29,20
794,1103,31,27,92,27,45
795,1105,30,22,82,33,39
796,1106,43,86,85,38,54
797,1107,28,27,8,30,35
798,1108,42,22,9,14,44
799,1109,30,86,5,27,42
800,1111,14,27,8,29,56
801,1113,41,22,9,24,36
802,1114,31,27,5,34,46
803,1115,18,22,9,31,56
804,1116,24,22,7,34,40
805,1117,31,86,78,33,42
806,1118,23,64,6,14,48
807,1119,28,86,2,35,59
808,1120,23,81,9,41,51
809,1121,57,86,2,30,30
810,1124,29,81,87,17,52
811,1125,53,22,6,30,44
812,1126,27,64,8,32,33
813,1127,15,81,6,34,42
814,1128,14,86,82,26,70
815,1131,62,27,6,9,20
816,1132,25,22,8,25,62
817,1133,27,81,9,29,49
818,1135,23,27,85,35,40
819,1136,22,27,89,15,50
820,1137,28,27,92,30,44
821,1138,25,64,86,16,48
822,1140,33,22,11,31,56
823,1143,39,70,5,34,45
824,1148,29,22,9,27,51
825,1150,24,70,79,39,64
826,1152,32,70,9,31,59
827,1154,28,27,86,35,26
828,1156,20,27,8,33,53
829,1157,22,27,92,46,55
830,1158,32,22,7,26,58
831,1160,25,27,6,34,49
832,1161,34,22,86,28,47
833,1162,36,27,78,30,47
834,1163,25,70,92,23,65
835,1164,32,27,2,19,74
836,1165,40,86,9,35,50
837,1166,18,81,6,22,24
838,1167,17,86,88,35,25
839,1171,30,38,88,34,57
840,1172,45,38,6,13,44
841,1173,37,22,0,25,76
842,1175,29,27,6,32,54
843,1177,26,86,8,36,46
844,1179,19,27,8,34,48
845,1180,36,22,9,37,44
846,1182,21,64,10,31,57
847,1184,42,86,5,29,39
848,1185,44,27,8,37,28
849,1188,33,22,93,24,48
850,1190,26,27,78,26,32
851,1191,84,22,10,45,65
852,1192,32,86,8,36,35
853,1193,46,27,6,27,76
854,1195,25,22,79,33,62
855,1196,39,86,8,46,66
856,1198,22,27,93,30,32
857,1200,26,27,8,24,54
858,1201,42,81,9,20,44
859,1202,21,27,86,43,54
860,1203,36,27,85,34,42
861,1204,6,81,86,0,20
862,1206,55,22,6,10,45
863,1207,24,27,81,17,47
864,1210,36,22,6,13,43
865,1211,43,22,86,30,53
866,1212,20,22,6,23,36
867,1215,42,22,9,31,40
868,1216,35,70,8,24,52
869,1217,50,22,8,32,59
870,1218,21,81,9,35,55
871,1219,47,27,86,29,58
872,1220,24,70,86,34,39
873,1221,20,86,78,25,56
874,1224,26,86,85,29,51
875,1225,70,86,12,35,56
876,1226,27,27,8,41,40
877,1228,39,22,79,37,53
878,1231,37,22,6,26,42
879,1233,12,86,88,75,44
880,1234,23,27,82,36,47
881,1235,36,81,79,42,46
882,1237,18,81,9,15,47
883,1238,22,86,6,61,39
884,1239,33,22,88,29,72
885,1240,25,27,5,31,54
886,1241,50,86,5,41,41
887,1242,19,22,79,28,59
888,1243,20,38,87,38,29
889,1244,34,86,12,31,70
890,1245,44,22,6,24,47
891,1246,42,86,5,38,42
892,1248,21,27,89,32,61
893,1249,16,27,82,34,36
894,1250,43,81,9,43,68
895,1251,21,70,92,44,72
896,1252,31,86,8,34,45
897,1254,13,38,3,66,42
898,1255,27,81,6,50,64
899,1256,38,22,7,11,48
900,1257,31,86,8,45,44
901,1258,45,22,86,22,47
902,1259,18,27,8,27,41
903,1260,30,27,9,41,40
904,1263,50,22,6,45,42
905,1264,49,81,7,39,63
906,1265,27,27,2,22,26
907,1267,41,81,3,31,52
908,1268,42,86,5,34,56
909,1269,30,27,81,39,46
910,1270,60,27,8,30,44
911,1273,39,27,8,32,44
912,1275,28,70,78,44,36
913,1277,12,81,9,18,43
914,1278,51,70,8,28,62
915,1279,35,27,8,30,44
916,1280,55,38,9,23,52
917,1281,31,27,5,31,57
918,1282,39,81,80,3,64
919,1283,51,64,6,64,59
920,1285,21,81,9,37,67
921,1286,60,27,2,29,32
922,1288,17,86,5,31,42
923,1289,28,81,79,31,42
924,1291,28,27,5,36,60
925,1292,29,22,3,31,64
926,1293,35,81,9,63,58
927,1294,26,81,6,11,35
928,1295,24,86,9,37,67
929,1296,20,27,78,39,36
930,1297,22,44,5,24,43
931,1298,22,38,85,33,47
932,1299,35,81,6,41,21
933,1301,54,22,3,14,49
934,1303,62,27,2,31,83
935,1304,28,86,86,38,39
936,1306,30,22,3,22,45
937,1307,19,64,6,9,65
938,1308,13,27,9,32,52
939,1309,24,27,5,33,43
940,1310,31,27,94,24,50
941,1311,19,44,2,41,34
942,1312,28,81,7,34,51
943,1314,35,81,86,31,39
944,1315,21,86,6,47,41
945,1317,45,22,86,28,49
946,1318,31,22,3,24,29
947,1319,26,81,6,32,47
948,1321,18,44,8,29,46
949,1322,28,86,2,29,58
950,1324,44,86,9,39,15
951,1329,43,44,9,27,51
952,1331,45,27,6,41,31
953,1333,35,22,9,28,58
954,1334,22,86,2,13,57
955,1336,44,81,12,23,25
956,1338,72,38,86,35,52
957,1340,25,22,6,23,32
958,1344,30,86,6,39,56
959,1346,32,86,78,33,41
960,1349,25,44,5,30,56
961,1350,28,70,9,33,30
962,1352,31,86,8,23,45
963,1355,32,81,9,31,48
964,1356,26,86,78,33,44
965,1358,32,22,79,32,54
966,1360,25,81,86,18,28
967,1361,36,22,12,24,72
968,1362,31,81,79,23,43
969,1363,29,86,3,50,28
970,1364,33,22,0,36,45
971,1367,34,22,13,29,31
972,1368,50,27,5,42,33
973,1369,27,70,85,49,27
974,1371,34,22,79,31,49
975,1372,34,81,3,35,63
976,1373,61,81,79,2,55
977,1374,34,27,7,19,57
978,1375,20,81,3,27,54
979,1377,26,81,9,30,60
980,1379,28,22,6,32,59
981,1380,33,27,5,31,31
982,1382,36,27,6,27,29
983,1383,36,86,8,46,44
984,1387,26,27,8,24,54
985,1389,32,44,100,32,61
986,1390,28,22,9,42,60
987,1391,23,22,79,24,60
988,1392,35,22,9,33,55
989,1394,28,22,6,34,45
990,1395,21,22,6,31,46
991,1396,25,27,4,24,23
992,1397,19,38,79,32,30
993,1399,22,22,7,34,38
994,1401,41,22,7,28,46
995,1402,48,86,9,44,50
996,1403,34,27,11,43,42
997,1405,45,44,78,11,47
998,1407,23,27,5,31,46
999,1408,19,86,85,26,54
1000,1409,30,22,8,29,54
1001,1411,24,22,3,34,47
1002,1412,26,22,9,31,49
1003,1415,16,22,87,35,59
1004,1417,39,86,5,17,55
1005,1419,32,86,79,36,46
1006,1420,36,22,9,23,58
1007,1421,38,86,6,37,50
1008,1422,60,81,3,44,46
1009,1423,92,81,9,33,39
1010,1424,22,64,9,50,67
1011,1425,31,22,3,28,74
1012,1427,44,27,93,28,47
1013,1428,30,22,6,19,43
1014,1430,30,22,11,29,38
1015,1431,47,22,86,30,58
1016,1433,27,27,78,29,40
1017,1434,29,27,5,9,45
1018,1435,26,44,8,32,29
1019,1436,30,22,7,15,35
1020,1438,26,64,6,42,45
1021,1439,19,22,9,14,31
1022,1440,23,70,5,21,42
1023,1441,20,22,6,13,28
1024,1443,5,81,89,11,47
1025,1445,28,27,9,35,52
1026,1446,30,22,9,28,47
1027,1447,35,22,86,25,39
1028,1448,20,22,10,28,37
1029,1449,29,81,6,30,39
1030,1453,22,86,8,30,45
1031,1457,23,64,7,46,55
1032,1458,28,22,9,28,48
1033,1459,23,86,8,35,41
1034,1460,27,81,79,40,57
1035,1461,45,22,6,35,65
1036,1464,27,22,0,32,72
1037,1465,26,22,87,33,49
1038,1466,40,22,7,22,47
1039,1467,21,27,9,36,60
1040,1468,36,81,11,32,53
1041,1469,25,27,5,29,46
1042,1471,23,22,82,26,79
1043,1472,32,81,9,23,42
1044,1473,34,22,79,12,43
1045,1474,28,22,79,28,42
1046,1475,27,27,8,25,56
1047,1477,42,27,0,26,43
1048,1478,41,81,9,20,59
1049,1479,28,22,6,29,68
1050,1480,22,86,8,38,43
1051,1481,26,22,100,23,52
1052,1482,35,27,78,28,40
1053,1483,40,86,5,35,50
1054,1484,25,81,10,35,79
1055,1485,34,81,6,45,46
1056,1486,23,22,9,30,11
1057,1487,31,22,6,26,59
1058,1489,30,86,2,42,82
1059,1492,32,27,5,30,52
1060,1494,35,22,79,12,44
1061,1495,48,27,7,29,66
1062,1496,19,22,6,37,62
1063,1497,26,70,3,29,68
1064,1499,15,27,5,26,51
1065,1501,57,27,92,33,36
1066,1502,24,22,7,27,66
1067,1503,32,22,12,34,51
1068,1504,22,22,3,31,48
1069,1506,21,27,78,29,43
1070,1507,29,27,85,31,50
1071,1509,33,22,87,27,34
1072,1513,52,27,5,32,44
1073,1514,42,86,6,24,47
1074,1515,31,22,6,32,32
1075,1516,14,22,79,32,58
1076,1520,24,81,3,47,30
1077,1522,22,81,86,33,56
1078,1523,42,81,9,9,43
1079,1525,26,22,3,29,76
1080,1527,26,64,3,12,35
1081,1529,26,70,85,39,49
1082,1533,39,27,2,28,76
1083,1534,44,22,81,29,50
1084,1535,48,86,78,30,47
1085,1537,26,44,8,22,38
1086,1539,17,86,9,61,65
1087,1541,29,86,5,29,65
1088,1542,34,22,9,25,48
1089,1543,24,86,79,33,64
1090,1544,36,81,79,35,45
1091,1545,28,27,78,14,37
1092,1546,18,22,9,28,45
1093,1547,38,81,9,45,45
1094,1548,30,27,5,21,48
1095,1549,21,86,78,26,48
1096,1550,17,86,8,48,45
1097,1551,32,27,0,27,48
1098,1552,30,22,10,29,68
1099,1553,18,86,8,30,44
1100,1554,28,27,8,24,46
1101,1555,29,38,97,28,75
1102,1556,23,22,81,32,60
1103,1557,30,81,6,21,45
1104,1558,25,22,100,36,27
1105,1560,27,22,3,30,35
1106,1562,27,86,86,33,67
1107,1563,25,22,87,29,27
1108,1564,45,27,8,31,38
1109,1568,20,22,3,29,34
1110,1569,45,27,8,31,48
1111,1572,33,86,5,42,47
1112,1573,34,22,79,30,45
1113,1574,26,64,10,18,57
1114,1576,28,38,8,23,68
1115,1577,30,27,8,34,46
1116,1578,32,86,89,64,29
1117,1580,36,22,6,34,52
1118,1581,26,27,8,28,56
1119,1582,25,86,8,30,67
1120,1583,30,22,82,30,43
1121,1585,28,22,6,17,29
1122,1586,36,86,78,35,62
1123,1587,25,22,6,34,54
1124,1588,29,81,9,32,56
1125,1590,25,27,93,29,17
1126,1591,39,22,9,26,39
1127,1592,52,22,9,30,35
1128,1594,33,22,10,33,25
1129,1595,61,22,86,45,41
1130,1596,32,86,85,33,46
1131,1597,24,44,78,23,51
1132,1598,29,27,79,18,32
1133,1599,31,22,3,31,39
1134,1601,22,27,8,36,33
1135,1602,44,44,8,28,45
1136,1604,27,27,82,23,49
1137,1605,24,27,93,41,3
1138,1606,13,81,10,19,67
1139,1607,23,22,87,36,73
1140,1608,27,86,5,64,36
1141,1609,19,27,6,29,62
1142,1611,27,70,8,33,42
1143,1612,24,86,78,37,40
1144,1613,29,22,6,21,42
1145,1614,30,22,6,14,52
1146,1615,26,70,6,34,42
1147,1617,26,70,86,25,53
1148,1618,27,81,9,37,60
1149,1619,38,86,94,32,73
1150,1621,14,86,6,5,24
1151,1622,25,27,4,27,46
1152,1623,24,27,8,44,29
1153,1624,23,27,94,80,63
1154,1625,73,22,9,19,36
1155,1627,32,86,88,33,62
1156,1628,11,86,92,13,28
1157,1630,32,86,81,48,56
1158,1631,27,22,12,29,47
1159,1633,26,44,5,44,34
1160,1635,34,86,7,37,31
1161,1638,36,22,11,31,46
1162,1639,34,64,6,16,36
1163,1640,22,44,3,24,53
1164,1641,28,22,0,36,66
1165,1642,28,64,12,35,49
1166,1644,35,22,9,38,59
1167,1645,30,22,6,35,65
1168,1646,17,27,8,30,44
1169,1647,25,22,6,29,34
1170,1648,19,22,93,29,57
1171,1649,41,22,79,27,50
1172,1650,31,22,86,32,47
1173,1651,33,22,9,15,42
1174,1653,50,86,85,35,58
1175,1654,28,22,9,26,47
1176,1655,42,22,3,23,17
1177,1656,48,81,3,17,44
1178,1657,35,27,86,24,47
1179,1658,38,86,87,33,52
1180,1659,37,22,9,36,46
1181,1661,29,81,3,17,42
1182,1662,35,27,5,16,46
1183,1664,31,22,7,27,20
1184,1665,38,81,86,45,37
1185,1666,33,86,9,35,67
1186,1667,27,81,3,43,57
1187,1668,48,81,8,36,47
1188,1669,24,44,8,19,53
1189,1670,41,27,86,41,42
1190,1671,36,86,2,34,46
1191,1673,31,27,6,38,44
1192,1674,44,22,9,22,40
1193,1675,45,27,78,22,40
1194,1676,26,22,3,24,46
1195,1677,31,64,7,32,27
1196,1678,37,22,10,16,57
1197,1680,54,27,5,24,33
1198,1681,25,70,78,37,44
1199,1682,25,22,6,30,77
1200,1683,28,22,79,32,41
1201,1684,32,27,78,35,53
1202,1687,27,22,86,27,53
1203,1689,31,22,9,38,62
1204,1691,38,81,9,23,57
1205,1692,43,27,5,35,54
1206,1693,47,86,8,32,41
1207,1694,30,22,3,32,50
1208,1696,33,86,6,63,17
1209,1697,19,22,11,48,51
1210,1698,17,86,6,45,52
1211,1700,28,27,8,18,39
1212,1701,24,86,8,33,49
1213,1702,23,27,79,41,73
1214,1703,26,86,78,33,68
1215,1704,26,27,5,32,61
1216,1706,34,86,8,31,43
1217,1707,23,27,85,27,46
1218,1708,29,86,7,28,56
1219,1709,34,22,5,31,63
1220,1710,27,81,6,40,54
1221,1712,15,64,79,1,44
1222,1714,58,27,8,29,47
1223,1716,11,81,6,19,31
1224,1718,40,27,8,34,43
1225,1719,56,86,86,31,60
1226,1720,26,22,86,32,55
1227,1721,28,27,5,28,44
1228,1722,29,22,6,26,52
1229,1724,25,22,6,27,48
1230,1725,25,27,78,24,50
1231,1727,30,81,7,20,48
1232,1728,30,81,3,20,66
1233,1729,17,44,82,38,43
1234,1731,27,22,86,27,28
1235,1732,27,64,9,39,53
1236,1733,30,22,8,30,42
1237,1734,25,22,86,31,57
1238,1735,22,27,78,34,54
1239,1736,26,22,93,37,55
1240,1737,38,86,8,35,45
1241,1739,45,22,3,31,77
1242,1740,17,86,8,21,40
1243,1744,26,22,93,14,46
1244,1745,49,86,5,33,37
1245,1746,28,27,0,34,47
1246,1747,21,22,86,28,56
1247,1749,22,27,9,29,57
1248,1751,30,27,78,35,44
1249,1752,27,27,3,31,48
1250,1753,34,22,0,33,65
1251,1754,26,81,9,28,59
1252,1755,36,27,0,42,44
1253,1756,35,81,0,31,82
1254,1757,32,22,3,32,76
1255,1758,26,22,6,31,65
1256,1760,26,38,82,27,45
1257,1761,28,22,87,13,38
1258,1762,53,27,8,30,70
1259,1763,23,38,79,36,43
1260,1764,28,81,80,28,70
1261,1766,27,22,3,31,70
1262,1767,30,22,6,30,64
1263,1768,19,22,86,20,54
1264,1770,17,22,0,50,70
1265,1771,37,81,6,35,58
1266,1772,34,27,8,17,59
1267,1774,21,86,86,27,41
1268,1775,30,22,3,28,51
1269,1778,29,86,6,36,35
1270,1779,37,22,6,36,67
1271,1780,22,27,8,27,55
1272,1782,27,27,6,11,26
1273,1783,25,27,8,28,45
1274,1784,24,86,6,42,67
1275,1786,21,22,9,25,50
1276,1787,30,27,81,25,56
1277,1789,35,22,3,37,38
1278,1790,29,81,6,29,50
1279,1792,31,27,8,24,44
1280,1794,20,38,3,36,77
1281,1797,23,86,2,38,52
1282,1798,24,81,6,30,38
1283,1799,16,27,8,27,36
1284,1800,16,22,86,24,33
1285,1801,29,22,86,25,38
1286,1802,27,22,3,22,35
1287,1803,26,22,6,26,48
1288,1804,34,81,3,24,49
1289,1805,25,81,83,43,51
1290,1807,26,38,9,30,33
1291,1809,23,44,11,37,34
1292,1812,30,22,10,30,44
1293,1813,29,22,9,23,50
1294,1814,29,22,9,23,43
1295,1815,28,86,6,22,57
1296,1816,27,64,86,30,40
1297,1818,51,27,5,33,46
1298,1821,29,81,9,37,40
1299,1822,40,22,79,30,42
1300,1823,29,86,8,33,44
1301,1824,27,81,12,5,47
1302,1826,24,27,85,26,48
1303,1827,19,81,3,4,52
1304,1829,29,38,9,26,61
1305,1830,51,38,6,45,48
1306,1833,34,22,79,21,46
1307,1834,19,27,8,36,47
1308,1835,38,22,82,33,44
1309,1836,24,27,8,27,38
1310,1837,29,22,10,12,29
1311,1839,31,27,78,36,58
1312,1842,27,27,3,18,44
1313,1844,32,22,9,30,37
1314,1845,35,81,9,32,42
1315,1847,44,22,6,14,42
1316,1849,34,86,6,50,28
1317,1850,33,27,2,50,60
1318,1852,33,86,8,41,40
1319,1853,35,22,6,28,45
1320,1854,32,22,9,26,41
1321,1856,18,22,9,25,59
1322,1857,28,81,79,37,45
1323,1858,17,27,8,35,28
1324,1859,40,38,6,36,44
1325,1860,30,22,3,26,64
1326,1862,19,22,86,33,32
1327,1863,16,81,87,11,52
1328,1864,30,86,6,30,32
1329,1865,38,27,8,28,54
1330,1866,21,81,6,20,33
1331,1867,57,81,3,3,82
1332,1868,34,27,8,31,50
1333,1869,39,81,6,34,41
1334,1870,38,70,5,25,43
1335,1871,29,22,3,33,45
1336,1873,25,22,6,29,43
1337,1875,26,27,8,29,41
1338,1876,31,27,9,29,61
1339,1878,47,27,8,28,44
1340,1880,29,86,8,32,47
1341,1881,22,70,8,35,41
1342,1882,18,22,93,41,75
1343,1883,49,22,12,29,63
1344,1885,25,22,0,38,82
1345,1886,30,27,4,36,67
1346,1888,25,86,100,30,44
1347,1890,27,44,8,48,47
1348,1892,29,81,6,19,26
1349,1893,28,27,85,31,62
1350,1898,40,86,2,28,57
1351,1900,34,81,87,41,53
1352,1903,26,22,9,28,62
1353,1905,30,27,5,23,51
1354,1907,20,27,8,40,56
1355,1908,33,22,0,30,77
1356,1909,29,22,86,32,52
1357,1911,20,81,6,26,44
1358,1912,21,22,7,35,70
1359,1915,42,22,9,36,51
1360,1916,23,22,93,32,42
1361,1918,33,86,5,28,46
1362,1922,40,22,93,27,69
1363,1924,25,44,6,23,43
1364,1927,24,86,9,27,44
1365,1928,26,27,8,29,24
1366,1929,30,22,100,31,75
1367,1931,13,27,0,26,58
1368,1932,30,86,2,50,62
1369,1933,29,22,86,31,33
1370,1934,30,81,6,27,40
1371,1935,50,22,9,26,38
1372,1936,21,44,100,24,44
1373,1937,68,86,93,21,49
1374,1938,63,22,9,51,62
1375,1939,25,22,87,37,43
1376,1940,32,22,9,34,47
1377,1941,25,22,82,34,31
1378,1943,26,22,9,31,51
1379,1944,22,27,11,28,50
1380,1945,28,27,5,24,41
1381,1947,15,27,9,22,52
1382,1948,27,27,9,22,52
1383,1949,22,27,8,19,61
1384,1950,37,70,9,40,48
1385,1951,30,70,8,31,46
1386,1952,14,86,85,28,73
1387,1954,27,27,5,29,56
1388,1955,25,22,86,32,13
1389,1956,28,86,8,35,38
1390,1960,22,22,6,33,41
1391,1961,21,22,9,27,27
1392,1962,29,86,9,33,51
1393,1965,38,86,78,32,54
1394,1966,44,22,86,36,50
1395,1967,22,86,8,48,42
1396,1968,16,22,6,30,45
1397,1969,40,22,6,8,32
1398,1970,46,86,79,34,47
1399,1971,28,86,15,30,55
1400,1972,31,27,92,29,38
1401,1973,28,64,79,25,65
1402,1974,71,27,9,38,93
1403,1975,20,86,5,18,50
1404,1976,63,86,12,17,43
1405,1979,20,81,79,30,36
1406,1980,27,22,6,30,27
1407,1981,19,27,9,13,52
1408,1982,38,27,8,35,49
1409,1985,30,70,8,25,41
1410,1986,35,81,6,31,72
1411,1987,14,22,7,29,48
1412,1989,41,86,8,34,42
1413,1992,37,22,85,34,46
1414,1993,13,81,7,19,44
1415,1994,25,27,8,30,50
1416,1995,39,86,5,19,49
1417,1996,23,27,6,44,73
1418,1997,26,38,9,32,64
1419,1998,42,22,86,28,40
1420,1999,34,22,9,37,57
1421,2000,19,86,6,29,65
1422,2003,25,22,8,31,63
1423,2007,49,27,92,30,43
1424,2008,28,86,6,37,40
1425,2009,26,70,0,56,34
1426,2010,30,27,9,28,47
1427,2012,20,22,100,26,37
1428,2013,28,27,5,36,42
1429,2014,29,81,6,26,48
1430,2015,12,81,9,3,36
1431,2016,32,86,8,62,46
1432,2017,23,86,8,52,41
1433,2018,24,27,5,14,36
1434,2019,31,64,87,32,50
1435,2020,29,22,6,28,53
1436,2021,25,27,78,39,59
1437,2022,64,22,6,30,62
1438,2023,58,27,8,28,49
1439,2024,23,70,6,34,84
1440,2025,40,22,6,28,57
1441,2026,42,86,12,7,62
1442,2027,29,22,86,33,47
1443,2031,14,81,7,18,48
1444,2032,41,81,6,33,49
1445,2034,40,86,2,21,29
1446,2035,32,86,8,28,44
1447,2036,30,86,8,56,51
1448,2037,39,22,9,19,41
1449,2038,45,27,6,31,76
1450,2040,22,44,78,26,48
1451,2041,26,86,82,37,41
1452,2044,48,22,6,26,37
1453,2045,25,22,11,28,35
1454,2046,32,22,6,32,53
1455,2048,26,22,3,26,55
1456,2049,26,27,8,34,55
1457,2051,37,22,9,16,49
1458,2052,32,27,3,26,67
1459,2053,45,22,10,14,34
1460,2054,40,27,9,23,55
1461,2055,25,22,6,32,46
1462,2056,28,86,5,24,46
1463,2057,21,44,4,33,55
1464,2060,24,27,86,29,56
1465,2061,25,22,7,48,72
1466,2062,27,81,11,37,56
1467,2064,24,27,8,26,46
1468,2065,33,81,3,25,42
1469,2068,42,22,9,28,48
